"Rut","Cliente","Riesgo","MontoVencido","NumVencidas","NumFacturas","DiasMoraProm","DiasMoraMax"
221,"HM","Alto",631484,3,3,78.3333333333333,109
168,"FL","Alto",602672,3,10,78.3333333333333,109
220,"HL","Alto",311494,3,3,78.3333333333333,109
41,"AO","Alto",288842,3,30,78.3333333333333,109
102,"CX","Alto",198281,3,19,78.3333333333333,109
3,"C","Alto",141590,3,31,78.3333333333333,109
