accuracy,precision,recall,specificity,f1,TP,TN,FP,FN
0.6666666666666666,0.5,1,0.5,0.6666666666666666,2,2,2,0
