ratio_corriente,deuda_activos,roa,ebit_intereses,ventas,crecimiento_ventas,default_real,probabilidad_default,default_predicho
1.755966612958528,0.4742161037182071,0.07837936849809839,2.979386580200355,234873725,-0.23331344871936896,0,0.2841178774833679,0
1.936261665144282,0.4811959812854337,0.05405726200313442,2.7391278205931746,3805947756,-0.06424838803698882,0,0.5172486305236816,1
2.101702766810074,0.4343538258031033,0.09935054115163143,3.8980382698443274,626497031,-0.1882190759376594,0,0.1516478955745697,0
1.7251584273215548,0.4855282379998713,0.04060710740296412,2.9216963656493027,1843977779,-0.24864341422646102,0,0.5388043522834778,1
0.5381739397829992,0.8212948973039274,-0.1487897270706324,-0.7313209535979365,4516259067,-0.20405294720634218,1,0.9942934513092041,1
1.553285996760002,0.5037642059221623,-0.01401193725133172,1.0844419145861954,313093315,-0.1687657748048934,1,0.7594884634017944,1
