"Rut","Cliente","NumFacturas","NumVencidas","MontoVencido","DiasMoraProm","DiasMoraMax"
221,"HM",3,3,631484,78.3333333333333,109
168,"FL",10,3,602672,78.3333333333333,109
220,"HL",3,3,311494,78.3333333333333,109
41,"AO",30,3,288842,78.3333333333333,109
102,"CX",19,3,198281,78.3333333333333,109
3,"C",31,3,141590,78.3333333333333,109
19,"S",31,2,2747878,63,79
185,"GC",8,2,1532682,63,79
153,"EW",12,2,1388582,63,79
217,"HI",4,2,1010017,47,47
